Year,Cause Name,State,Deaths
1999,Homicide,Alabama,438
1999,Homicide,Alaska,51
1999,Homicide,Arizona,470
1999,Homicide,Arkansas,179
1999,Homicide,California,2066
1999,Homicide,Colorado,199
1999,Homicide,Connecticut,120
1999,Homicide,Delaware,24
1999,Homicide,District of Columbia,186
1999,Homicide,Florida,964
1999,Homicide,Georgia,634
1999,Homicide,Hawaii,38
1999,Homicide,Idaho,31
1999,Homicide,Illinois,1023
1999,Homicide,Indiana,386
1999,Homicide,Iowa,53
1999,Homicide,Kansas,137
1999,Homicide,Kentucky,210
1999,Homicide,Louisiana,484
1999,Homicide,Maine,25
1999,Homicide,Maryland,531
1999,Homicide,Massachusetts,133
1999,Homicide,Michigan,759
1999,Homicide,Minnesota,139
1999,Homicide,Mississippi,312
1999,Homicide,Missouri,385
1999,Homicide,Montana,33
1999,Homicide,Nebraska,61
1999,Homicide,Nevada,167
1999,Homicide,New Hampshire,21
1999,Homicide,New Jersey,298
1999,Homicide,New Mexico,167
1999,Homicide,New York,969
1999,Homicide,North Carolina,651
1999,Homicide,North Dakota,13
1999,Homicide,Ohio,450
1999,Homicide,Oklahoma,231
1999,Homicide,Oregon,107
1999,Homicide,Pennsylvania,639
1999,Homicide,Rhode Island,36
1999,Homicide,South Carolina,313
1999,Homicide,South Dakota,23
1999,Homicide,Tennessee,423
1999,Homicide,Texas,1319
1999,Homicide,United States,16889
1999,Homicide,Utah,51
1999,Homicide,Vermont,17
1999,Homicide,Virginia,419
1999,Homicide,Washington,190
1999,Homicide,West Virginia,99
1999,Homicide,Wisconsin,202
1999,Homicide,Wyoming,13
2000,Homicide,Alabama,444
2000,Homicide,Alaska,37
2000,Homicide,Arizona,410
2000,Homicide,Arkansas,204
2000,Homicide,California,2064
2000,Homicide,Colorado,151
2000,Homicide,Connecticut,95
2000,Homicide,Delaware,23
2000,Homicide,District of Columbia,184
2000,Homicide,Florida,937
2000,Homicide,Georgia,659
2000,Homicide,Hawaii,35
2000,Homicide,Idaho,24
2000,Homicide,Illinois,991
2000,Homicide,Indiana,367
2000,Homicide,Iowa,58
2000,Homicide,Kansas,141
2000,Homicide,Kentucky,204
2000,Homicide,Louisiana,600
2000,Homicide,Maine,18
2000,Homicide,Maryland,503
2000,Homicide,Massachusetts,122
2000,Homicide,Michigan,722
2000,Homicide,Minnesota,139
2000,Homicide,Mississippi,312
2000,Homicide,Missouri,398
2000,Homicide,Montana,35
2000,Homicide,Nebraska,64
2000,Homicide,Nevada,134
2000,Homicide,New Hampshire,15
2000,Homicide,New Jersey,320
2000,Homicide,New Mexico,160
2000,Homicide,New York,991
2000,Homicide,North Carolina,657
2000,Homicide,North Dakota,12
2000,Homicide,Ohio,465
2000,Homicide,Oklahoma,200
2000,Homicide,Oregon,91
2000,Homicide,Pennsylvania,650
2000,Homicide,Rhode Island,39
2000,Homicide,South Carolina,326
2000,Homicide,South Dakota,14
2000,Homicide,Tennessee,471
2000,Homicide,Texas,1317
2000,Homicide,United States,16765
2000,Homicide,Utah,52
2000,Homicide,Vermont,11
2000,Homicide,Virginia,435
2000,Homicide,Washington,200
2000,Homicide,West Virginia,80
2000,Homicide,Wisconsin,174
2000,Homicide,Wyoming,10
2001,Homicide,Alabama,425
2001,Homicide,Alaska,38
2001,Homicide,Arizona,494
2001,Homicide,Arkansas,183
2001,Homicide,California,2223
2001,Homicide,Colorado,169
2001,Homicide,Connecticut,172
2001,Homicide,Delaware,33
2001,Homicide,District of Columbia,197
2001,Homicide,Florida,969
2001,Homicide,Georgia,681
2001,Homicide,Hawaii,34
2001,Homicide,Idaho,41
2001,Homicide,Illinois,1087
2001,Homicide,Indiana,437
2001,Homicide,Iowa,61
2001,Homicide,Kansas,143
2001,Homicide,Kentucky,221
2001,Homicide,Louisiana,541
2001,Homicide,Maine,21
2001,Homicide,Maryland,555
2001,Homicide,Massachusetts,246
2001,Homicide,Michigan,689
2001,Homicide,Minnesota,127
2001,Homicide,Mississippi,326
2001,Homicide,Missouri,437
2001,Homicide,Montana,32
2001,Homicide,Nebraska,44
2001,Homicide,Nevada,175
2001,Homicide,New Hampshire,28
2001,Homicide,New Jersey,1051
2001,Homicide,New Mexico,130
2001,Homicide,New York,2818
2001,Homicide,North Carolina,599
2001,Homicide,North Dakota,
2001,Homicide,Ohio,524
2001,Homicide,Oklahoma,210
2001,Homicide,Oregon,100
2001,Homicide,Pennsylvania,671
2001,Homicide,Rhode Island,37
2001,Homicide,South Carolina,350
2001,Homicide,South Dakota,18
2001,Homicide,Tennessee,454
2001,Homicide,Texas,1415
2001,Homicide,United States,20308
2001,Homicide,Utah,77
2001,Homicide,Vermont,14
2001,Homicide,Virginia,509
2001,Homicide,Washington,195
2001,Homicide,West Virginia,68
2001,Homicide,Wisconsin,214
2001,Homicide,Wyoming,16
2002,Homicide,Alabama,416
2002,Homicide,Alaska,40
2002,Homicide,Arizona,504
2002,Homicide,Arkansas,194
2002,Homicide,California,2485
2002,Homicide,Colorado,184
2002,Homicide,Connecticut,98
2002,Homicide,Delaware,38
2002,Homicide,District of Columbia,229
2002,Homicide,Florida,1008
2002,Homicide,Georgia,672
2002,Homicide,Hawaii,38
2002,Homicide,Idaho,32
2002,Homicide,Illinois,1016
2002,Homicide,Indiana,385
2002,Homicide,Iowa,56
2002,Homicide,Kansas,129
2002,Homicide,Kentucky,195
2002,Homicide,Louisiana,607
2002,Homicide,Maine,11
2002,Homicide,Maryland,540
2002,Homicide,Massachusetts,185
2002,Homicide,Michigan,696
2002,Homicide,Minnesota,127
2002,Homicide,Mississippi,305
2002,Homicide,Missouri,366
2002,Homicide,Montana,23
2002,Homicide,Nebraska,50
2002,Homicide,Nevada,175
2002,Homicide,New Hampshire,
2002,Homicide,New Jersey,333
2002,Homicide,New Mexico,161
2002,Homicide,New York,929
2002,Homicide,North Carolina,644
2002,Homicide,North Dakota,
2002,Homicide,Ohio,549
2002,Homicide,Oklahoma,196
2002,Homicide,Oregon,106
2002,Homicide,Pennsylvania,640
2002,Homicide,Rhode Island,43
2002,Homicide,South Carolina,326
2002,Homicide,South Dakota,22
2002,Homicide,Tennessee,467
2002,Homicide,Texas,1421
2002,Homicide,United States,17638
2002,Homicide,Utah,54
2002,Homicide,Vermont,
2002,Homicide,Virginia,397
2003,Homicide,Oklahoma,224
2002,Homicide,Washington,213
2002,Homicide,West Virginia,95
2002,Homicide,Wisconsin,191
2002,Homicide,Wyoming,23
2003,Homicide,Alabama,434
2003,Homicide,Alaska,47
2003,Homicide,Arizona,498
2003,Homicide,Arkansas,195
2003,Homicide,California,2487
2003,Homicide,Colorado,192
2003,Homicide,Connecticut,107
2003,Homicide,Delaware,25
2003,Homicide,District of Columbia,194
2003,Homicide,Florida,1004
2003,Homicide,Georgia,736
2003,Homicide,Hawaii,20
2003,Homicide,Idaho,33
2003,Homicide,Illinois,966
2003,Homicide,Indiana,347
2003,Homicide,Iowa,50
2003,Homicide,Kansas,121
2003,Homicide,Kentucky,193
2003,Homicide,Louisiana,602
2003,Homicide,Maine,17
2003,Homicide,Maryland,557
2003,Homicide,Massachusetts,140
2003,Homicide,Michigan,650
2003,Homicide,Minnesota,130
2003,Homicide,Mississippi,304
2003,Homicide,Missouri,323
2003,Homicide,Montana,37
2003,Homicide,Nebraska,63
2003,Homicide,Nevada,183
2003,Homicide,New Hampshire,20
2003,Homicide,New Jersey,423
2003,Homicide,New Mexico,164
2003,Homicide,New York,963
2003,Homicide,North Carolina,598
2003,Homicide,North Dakota,12
2003,Homicide,Ohio,520
2003,Homicide,Oregon,93
2003,Homicide,Pennsylvania,676
2003,Homicide,Rhode Island,29
2003,Homicide,South Carolina,325
2003,Homicide,South Dakota,16
2003,Homicide,Tennessee,438
2003,Homicide,Texas,1525
2003,Homicide,United States,17732
2003,Homicide,Utah,58
2003,Homicide,Vermont,12
2003,Homicide,Virginia,462
2003,Homicide,Washington,219
2003,Homicide,West Virginia,89
2003,Homicide,Wisconsin,195
2003,Homicide,Wyoming,16
2004,Homicide,Alabama,369
2004,Homicide,Alaska,41
2004,Homicide,Arizona,509
2004,Homicide,Arkansas,211
2004,Homicide,California,2490
2004,Homicide,Colorado,219
2004,Homicide,Connecticut,110
2004,Homicide,Delaware,35
2004,Homicide,District of Columbia,174
2004,Homicide,Florida,1032
2004,Homicide,Georgia,659
2004,Homicide,Hawaii,31
2004,Homicide,Idaho,31
2004,Homicide,Illinois,871
2004,Homicide,Indiana,332
2004,Homicide,Iowa,57
2004,Homicide,Kansas,117
2004,Homicide,Kentucky,228
2004,Homicide,Louisiana,602
2004,Homicide,Maine,21
2004,Homicide,Maryland,533
2004,Homicide,Massachusetts,175
2004,Homicide,Michigan,673
2004,Homicide,Minnesota,134
2004,Homicide,Mississippi,283
2004,Homicide,Missouri,369
2004,Homicide,Montana,25
2004,Homicide,Nebraska,39
2004,Homicide,Nevada,186
2004,Homicide,New Hampshire,23
2004,Homicide,New Jersey,405
2004,Homicide,New Mexico,173
2004,Homicide,New York,860
2004,Homicide,North Carolina,613
2004,Homicide,North Dakota,11
2004,Homicide,Ohio,563
2004,Homicide,Oklahoma,221
2004,Homicide,Oregon,112
2004,Homicide,Pennsylvania,683
2004,Homicide,Rhode Island,29
2004,Homicide,South Carolina,323
2004,Homicide,South Dakota,24
2004,Homicide,Tennessee,417
2004,Homicide,Texas,1416
2004,Homicide,United States,17357
2004,Homicide,Utah,45
2004,Homicide,Vermont,10
2004,Homicide,Virginia,407
2004,Homicide,Washington,217
2004,Homicide,West Virginia,79
2004,Homicide,Wisconsin,151
2004,Homicide,Wyoming,19
2005,Homicide,Alabama,433
2005,Homicide,Alaska,37
2005,Homicide,Arizona,532
2005,Homicide,Arkansas,219
2005,Homicide,California,2540
2005,Homicide,Colorado,182
2005,Homicide,Connecticut,107
2005,Homicide,Delaware,55
2005,Homicide,District of Columbia,180
2005,Homicide,Florida,998
2005,Homicide,Georgia,649
2005,Homicide,Hawaii,25
2005,Homicide,Idaho,45
2005,Homicide,Illinois,866
2005,Homicide,Indiana,368
2005,Homicide,Iowa,44
2005,Homicide,Kansas,106
2005,Homicide,Kentucky,222
2005,Homicide,Louisiana,592
2005,Homicide,Maine,22
2005,Homicide,Maryland,576
2005,Homicide,Massachusetts,178
2005,Homicide,Michigan,677
2005,Homicide,Minnesota,139
2005,Homicide,Mississippi,254
2005,Homicide,Missouri,417
2005,Homicide,Montana,33
2005,Homicide,Nebraska,44
2005,Homicide,Nevada,190
2005,Homicide,New Hampshire,19
2005,Homicide,New Jersey,427
2005,Homicide,New Mexico,152
2005,Homicide,New York,901
2005,Homicide,North Carolina,661
2005,Homicide,North Dakota,11
2005,Homicide,Ohio,630
2005,Homicide,Oklahoma,214
2005,Homicide,Oregon,102
2005,Homicide,Pennsylvania,749
2005,Homicide,Rhode Island,32
2005,Homicide,South Carolina,337
2005,Homicide,South Dakota,22
2005,Homicide,Tennessee,495
2005,Homicide,Texas,1501
2005,Homicide,United States,18124
2005,Homicide,Utah,63
2005,Homicide,Vermont,12
2005,Homicide,Virginia,490
2005,Homicide,Washington,231
2005,Homicide,West Virginia,93
2005,Homicide,Wisconsin,236
2005,Homicide,Wyoming,16
2006,Homicide,Alabama,445
2006,Homicide,Alaska,43
2006,Homicide,Arizona,549
2006,Homicide,Arkansas,234
2006,Homicide,California,2616
2006,Homicide,Colorado,181
2006,Homicide,Connecticut,132
2006,Homicide,Delaware,50
2006,Homicide,District of Columbia,150
2006,Homicide,Florida,1214
2006,Homicide,Georgia,687
2006,Homicide,Hawaii,28
2006,Homicide,Idaho,38
2006,Homicide,Illinois,865
2006,Homicide,Indiana,375
2006,Homicide,Iowa,73
2006,Homicide,Kansas,114
2006,Homicide,Kentucky,192
2006,Homicide,Louisiana,554
2006,Homicide,Maine,20
2006,Homicide,Maryland,568
2006,Homicide,Massachusetts,183
2006,Homicide,Michigan,722
2006,Homicide,Minnesota,128
2006,Homicide,Mississippi,318
2006,Homicide,Missouri,412
2006,Homicide,Montana,35
2006,Homicide,Nebraska,55
2006,Homicide,Nevada,219
2006,Homicide,New Hampshire,20
2006,Homicide,New Jersey,449
2006,Homicide,New Mexico,135
2006,Homicide,New York,962
2006,Homicide,North Carolina,622
2006,Homicide,North Dakota,11
2006,Homicide,Ohio,666
2006,Homicide,Oklahoma,226
2006,Homicide,Oregon,113
2006,Homicide,Pennsylvania,769
2006,Homicide,Rhode Island,39
2006,Homicide,South Carolina,391
2006,Homicide,South Dakota,21
2006,Homicide,Tennessee,486
2006,Homicide,Texas,1467
2006,Homicide,United States,18573
2006,Homicide,Utah,52
2006,Homicide,Vermont,13
2006,Homicide,Virginia,410
2006,Homicide,Washington,221
2006,Homicide,West Virginia,97
2006,Homicide,Wisconsin,194
2006,Homicide,Wyoming,
2007,Homicide,Alabama,480
2007,Homicide,Alaska,50
2007,Homicide,Arizona,528
2007,Homicide,Arkansas,243
2007,Homicide,California,2376
2007,Homicide,Colorado,173
2007,Homicide,Connecticut,106
2007,Homicide,Delaware,48
2007,Homicide,District of Columbia,159
2007,Homicide,Florida,1324
2007,Homicide,Georgia,771
2007,Homicide,Hawaii,24
2007,Homicide,Idaho,48
2007,Homicide,Illinois,863
2007,Homicide,Indiana,374
2007,Homicide,Iowa,51
2007,Homicide,Kansas,115
2007,Homicide,Kentucky,213
2007,Homicide,Louisiana,627
2007,Homicide,Maine,26
2007,Homicide,Maryland,573
2007,Homicide,Massachusetts,188
2007,Homicide,Michigan,704
2007,Homicide,Minnesota,120
2007,Homicide,Mississippi,286
2007,Homicide,Missouri,384
2007,Homicide,Montana,24
2007,Homicide,Nebraska,71
2007,Homicide,Nevada,188
2007,Homicide,New Hampshire,14
2007,Homicide,New Jersey,403
2007,Homicide,New Mexico,160
2007,Homicide,New York,840
2007,Homicide,North Carolina,674
2007,Homicide,North Dakota,14
2007,Homicide,Ohio,639
2007,Homicide,Oklahoma,251
2007,Homicide,Oregon,81
2007,Homicide,Pennsylvania,750
2007,Homicide,Rhode Island,24
2007,Homicide,South Carolina,382
2007,Homicide,South Dakota,15
2007,Homicide,Tennessee,475
2007,Homicide,Texas,1495
2007,Homicide,United States,18361
2007,Homicide,Utah,68
2007,Homicide,Vermont,13
2007,Homicide,Virginia,420
2007,Homicide,Washington,201
2007,Homicide,West Virginia,86
2007,Homicide,Wisconsin,202
2007,Homicide,Wyoming,17
2008,Homicide,Alabama,454
2008,Homicide,Alaska,29
2008,Homicide,Arizona,474
2008,Homicide,Arkansas,214
2008,Homicide,California,2280
2008,Homicide,Colorado,194
2008,Homicide,Connecticut,127
2008,Homicide,Delaware,65
2008,Homicide,District of Columbia,164
2008,Homicide,Florida,1300
2008,Homicide,Georgia,712
2008,Homicide,Hawaii,28
2008,Homicide,Idaho,25
2008,Homicide,Illinois,872
2008,Homicide,Indiana,323
2008,Homicide,Iowa,81
2008,Homicide,Kansas,112
2008,Homicide,Kentucky,240
2008,Homicide,Louisiana,541
2008,Homicide,Maine,34
2008,Homicide,Maryland,523
2008,Homicide,Massachusetts,167
2008,Homicide,Michigan,644
2008,Homicide,Minnesota,128
2008,Homicide,Mississippi,330
2008,Homicide,Missouri,482
2008,Homicide,Montana,40
2008,Homicide,Nebraska,78
2008,Homicide,Nevada,161
2008,Homicide,New Hampshire,22
2008,Homicide,New Jersey,377
2008,Homicide,New Mexico,151
2008,Homicide,New York,882
2008,Homicide,North Carolina,668
2008,Homicide,North Dakota,
2008,Homicide,Ohio,598
2008,Homicide,Oklahoma,230
2008,Homicide,Oregon,103
2008,Homicide,Pennsylvania,697
2008,Homicide,Rhode Island,29
2008,Homicide,South Carolina,354
2008,Homicide,South Dakota,20
2008,Homicide,Tennessee,479
2008,Homicide,Texas,1487
2008,Homicide,United States,17826
2008,Homicide,Utah,46
2008,Homicide,Vermont,17
2008,Homicide,Virginia,376
2008,Homicide,Washington,224
2008,Homicide,West Virginia,70
2008,Homicide,Wisconsin,153
2008,Homicide,Wyoming,18
2009,Homicide,Alabama,412
2009,Homicide,Alaska,26
2009,Homicide,Arizona,387
2009,Homicide,Arkansas,219
2009,Homicide,California,2124
2009,Homicide,Colorado,194
2009,Homicide,Connecticut,114
2009,Homicide,Delaware,45
2009,Homicide,District of Columbia,135
2009,Homicide,Florida,1134
2009,Homicide,Georgia,640
2009,Homicide,Hawaii,23
2009,Homicide,Idaho,22
2009,Homicide,Illinois,881
2009,Homicide,Indiana,341
2009,Homicide,Iowa,43
2009,Homicide,Kansas,128
2009,Homicide,Kentucky,212
2009,Homicide,Louisiana,573
2009,Homicide,Maine,30
2009,Homicide,Maryland,457
2009,Homicide,Massachusetts,176
2009,Homicide,Michigan,656
2009,Homicide,Minnesota,93
2009,Homicide,Mississippi,275
2009,Homicide,Missouri,428
2009,Homicide,Montana,35
2009,Homicide,Nebraska,48
2009,Homicide,Nevada,153
2009,Homicide,New Hampshire,15
2009,Homicide,New Jersey,328
2009,Homicide,New Mexico,175
2009,Homicide,New York,840
2009,Homicide,North Carolina,565
2009,Homicide,North Dakota,14
2009,Homicide,Ohio,541
2009,Homicide,Oklahoma,248
2009,Homicide,Oregon,103
2009,Homicide,Pennsylvania,650
2009,Homicide,Rhode Island,30
2009,Homicide,South Carolina,347
2009,Homicide,South Dakota,31
2009,Homicide,Tennessee,496
2009,Homicide,Texas,1502
2009,Homicide,United States,16799
2009,Homicide,Utah,51
2009,Homicide,Vermont,
2009,Homicide,Virginia,387
2009,Homicide,Washington,193
2009,Homicide,West Virginia,92
2009,Homicide,Wisconsin,162
2009,Homicide,Wyoming,17
2010,Homicide,Alabama,391
2010,Homicide,Alaska,44
2010,Homicide,Arizona,418
2010,Homicide,Arkansas,188
2010,Homicide,California,1954
2010,Homicide,Colorado,172
2010,Homicide,Connecticut,144
2010,Homicide,Delaware,61
2010,Homicide,District of Columbia,119
2010,Homicide,Florida,1114
2010,Homicide,Georgia,640
2010,Homicide,Hawaii,24
2010,Homicide,Idaho,23
2010,Homicide,Illinois,783
2010,Homicide,Indiana,315
2010,Homicide,Iowa,55
2010,Homicide,Kansas,105
2010,Homicide,Kentucky,199
2010,Homicide,Louisiana,541
2010,Homicide,Maine,26
2010,Homicide,Maryland,438
2010,Homicide,Massachusetts,204
2010,Homicide,Michigan,610
2010,Homicide,Minnesota,112
2010,Homicide,Mississippi,284
2010,Homicide,Missouri,438
2010,Homicide,Montana,30
2010,Homicide,Nebraska,60
2010,Homicide,Nevada,164
2010,Homicide,New Hampshire,19
2010,Homicide,New Jersey,388
2010,Homicide,New Mexico,152
2010,Homicide,New York,898
2010,Homicide,North Carolina,539
2010,Homicide,North Dakota,14
2010,Homicide,Ohio,569
2010,Homicide,Oklahoma,214
2010,Homicide,Oregon,115
2010,Homicide,Pennsylvania,689
2010,Homicide,Rhode Island,27
2010,Homicide,South Carolina,322
2010,Homicide,South Dakota,17
2010,Homicide,Tennessee,410
2010,Homicide,Texas,1363
2010,Homicide,United States,16259
2010,Homicide,Utah,52
2010,Homicide,Vermont,
2010,Homicide,Virginia,373
2010,Homicide,Washington,180
2010,Homicide,West Virginia,86
2010,Homicide,Wisconsin,159
2010,Homicide,Wyoming,
2011,Homicide,Alabama,392
2011,Homicide,Alaska,36
2011,Homicide,Arizona,402
2011,Homicide,Arkansas,208
2011,Homicide,California,1916
2011,Homicide,Colorado,191
2011,Homicide,Connecticut,135
2011,Homicide,Delaware,49
2011,Homicide,District of Columbia,109
2011,Homicide,Florida,1143
2011,Homicide,Georgia,618
2011,Homicide,Hawaii,18
2011,Homicide,Idaho,29
2011,Homicide,Illinois,812
2011,Homicide,Indiana,314
2011,Homicide,Iowa,54
2011,Homicide,Kansas,123
2011,Homicide,Kentucky,188
2011,Homicide,Louisiana,549
2011,Homicide,Maine,29
2011,Homicide,Maryland,418
2011,Homicide,Massachusetts,200
2011,Homicide,Michigan,654
2011,Homicide,Minnesota,103
2011,Homicide,Mississippi,312
2011,Homicide,Missouri,419
2011,Homicide,Montana,27
2011,Homicide,Nebraska,67
2011,Homicide,Nevada,130
2011,Homicide,New Hampshire,22
2011,Homicide,New Jersey,413
2011,Homicide,New Mexico,148
2011,Homicide,New York,830
2011,Homicide,North Carolina,532
2011,Homicide,North Dakota,17
2011,Homicide,Ohio,618
2011,Homicide,Oklahoma,261
2011,Homicide,Oregon,109
2011,Homicide,Pennsylvania,681
2011,Homicide,Rhode Island,19
2011,Homicide,South Carolina,355
2011,Homicide,South Dakota,25
2011,Homicide,Tennessee,444
2011,Homicide,Texas,1266
2011,Homicide,United States,16238
2011,Homicide,Utah,57
2011,Homicide,Vermont,
2011,Homicide,Virginia,336
2011,Homicide,Washington,180
2011,Homicide,West Virginia,101
2011,Homicide,Wisconsin,148
2011,Homicide,Wyoming,23
2012,Homicide,Alabama,405
2012,Homicide,Alaska,38
2012,Homicide,Arizona,394
2012,Homicide,Arkansas,238
2012,Homicide,California,2010
2012,Homicide,Colorado,205
2012,Homicide,Connecticut,152
2012,Homicide,Delaware,62
2012,Homicide,District of Columbia,82
2012,Homicide,Florida,1200
2012,Homicide,Georgia,657
2012,Homicide,Hawaii,22
2012,Homicide,Idaho,34
2012,Homicide,Illinois,832
2012,Homicide,Indiana,345
2012,Homicide,Iowa,63
2012,Homicide,Kansas,103
2012,Homicide,Kentucky,236
2012,Homicide,Louisiana,550
2012,Homicide,Maine,30
2012,Homicide,Maryland,408
2012,Homicide,Massachusetts,133
2012,Homicide,Michigan,734
2012,Homicide,Minnesota,105
2012,Homicide,Mississippi,293
2012,Homicide,Missouri,424
2012,Homicide,Montana,24
2012,Homicide,Nebraska,64
2012,Homicide,Nevada,123
2012,Homicide,New Hampshire,16
2012,Homicide,New Jersey,405
2012,Homicide,New Mexico,133
2012,Homicide,New York,730
2012,Homicide,North Carolina,567
2012,Homicide,North Dakota,16
2012,Homicide,Ohio,632
2012,Homicide,Oklahoma,270
2012,Homicide,Oregon,110
2012,Homicide,Pennsylvania,698
2012,Homicide,Rhode Island,30
2012,Homicide,South Carolina,373
2012,Homicide,South Dakota,20
2012,Homicide,Tennessee,471
2012,Homicide,Texas,1324
2012,Homicide,United States,16688
2012,Homicide,Utah,46
2012,Homicide,Vermont,
2012,Homicide,Virginia,335
2012,Homicide,Washington,227
2012,Homicide,West Virginia,103
2012,Homicide,Wisconsin,187
2012,Homicide,Wyoming,20
2013,Homicide,Alabama,417
2013,Homicide,Alaska,43
2013,Homicide,Arizona,389
2013,Homicide,Arkansas,212
2013,Homicide,California,1890
2013,Homicide,Colorado,184
2013,Homicide,Connecticut,100
2013,Homicide,Delaware,52
2013,Homicide,District of Columbia,90
2013,Homicide,Florida,1150
2013,Homicide,Georgia,641
2013,Homicide,Hawaii,33
2013,Homicide,Idaho,31
2013,Homicide,Illinois,792
2013,Homicide,Indiana,400
2013,Homicide,Iowa,60
2013,Homicide,Kansas,117
2013,Homicide,Kentucky,202
2013,Homicide,Louisiana,552
2013,Homicide,Maine,30
2013,Homicide,Maryland,421
2013,Homicide,Massachusetts,144
2013,Homicide,Michigan,635
2013,Homicide,Minnesota,131
2013,Homicide,Mississippi,291
2013,Homicide,Missouri,392
2013,Homicide,Montana,33
2013,Homicide,Nebraska,75
2013,Homicide,Nevada,151
2013,Homicide,New Hampshire,22
2013,Homicide,New Jersey,419
2013,Homicide,New Mexico,135
2013,Homicide,New York,686
2013,Homicide,North Carolina,563
2013,Homicide,North Dakota,13
2013,Homicide,Ohio,648
2013,Homicide,Oklahoma,258
2013,Homicide,Oregon,90
2013,Homicide,Pennsylvania,634
2013,Homicide,Rhode Island,31
2013,Homicide,South Carolina,318
2013,Homicide,South Dakota,20
2013,Homicide,Tennessee,405
2013,Homicide,Texas,1354
2013,Homicide,United States,16121
2013,Homicide,Utah,53
2013,Homicide,Vermont,10
2013,Homicide,Virginia,333
2013,Homicide,Washington,204
2013,Homicide,West Virginia,74
2013,Homicide,Wisconsin,176
2013,Homicide,Wyoming,17
2014,Homicide,Alabama,374
2014,Homicide,Alaska,37
2014,Homicide,Arizona,322
2014,Homicide,Arkansas,217
2014,Homicide,California,1813
2014,Homicide,Colorado,177
2014,Homicide,Connecticut,100
2014,Homicide,Delaware,57
2014,Homicide,District of Columbia,97
2014,Homicide,Florida,1159
2014,Homicide,Georgia,658
2014,Homicide,Hawaii,30
2014,Homicide,Idaho,36
2014,Homicide,Illinois,792
2014,Homicide,Indiana,364
2014,Homicide,Iowa,78
2014,Homicide,Kansas,104
2014,Homicide,Kentucky,203
2014,Homicide,Louisiana,538
2014,Homicide,Maine,23
2014,Homicide,Maryland,387
2014,Homicide,Massachusetts,133
2014,Homicide,Michigan,589
2014,Homicide,Minnesota,101
2014,Homicide,Mississippi,332
2014,Homicide,Missouri,441
2014,Homicide,Montana,30
2014,Homicide,Nebraska,63
2014,Homicide,Nevada,176
2014,Homicide,New Hampshire,17
2014,Homicide,New Jersey,372
2014,Homicide,New Mexico,135
2014,Homicide,New York,662
2014,Homicide,North Carolina,551
2014,Homicide,North Dakota,15
2014,Homicide,Ohio,578
2014,Homicide,Oklahoma,250
2014,Homicide,Oregon,99
2014,Homicide,Pennsylvania,620
2014,Homicide,Rhode Island,27
2014,Homicide,South Carolina,363
2014,Homicide,South Dakota,26
2014,Homicide,Tennessee,417
2014,Homicide,Texas,1389
2014,Homicide,United States,15872
2014,Homicide,Utah,61
2014,Homicide,Vermont,16
2014,Homicide,Virginia,339
2014,Homicide,Washington,211
2014,Homicide,West Virginia,103
2014,Homicide,Wisconsin,166
2014,Homicide,Wyoming,24
2015,Homicide,Alabama,473
2015,Homicide,Alaska,62
2015,Homicide,Arizona,364
2015,Homicide,Arkansas,217
2015,Homicide,California,1987
2015,Homicide,Colorado,206
2015,Homicide,Connecticut,124
2015,Homicide,Delaware,65
2015,Homicide,District of Columbia,136
2015,Homicide,Florida,1208
2015,Homicide,Georgia,738
2015,Homicide,Hawaii,31
2015,Homicide,Idaho,33
2015,Homicide,Illinois,863
2015,Homicide,Indiana,389
2015,Homicide,Iowa,73
2015,Homicide,Kansas,132
2015,Homicide,Kentucky,250
2015,Homicide,Louisiana,569
2015,Homicide,Maine,22
2015,Homicide,Maryland,596
2015,Homicide,Massachusetts,144
2015,Homicide,Michigan,597
2015,Homicide,Minnesota,147
2015,Homicide,Mississippi,325
2015,Homicide,Missouri,547
2015,Homicide,Montana,38
2015,Homicide,Nebraska,75
2015,Homicide,Nevada,191
2015,Homicide,New Hampshire,18
2015,Homicide,New Jersey,388
2015,Homicide,New Mexico,157
2015,Homicide,New York,671
2015,Homicide,North Carolina,593
2015,Homicide,North Dakota,22
2015,Homicide,Ohio,669
2015,Homicide,Oklahoma,324
2015,Homicide,Oregon,138
2015,Homicide,Pennsylvania,673
2015,Homicide,Rhode Island,28
2015,Homicide,South Carolina,448
2015,Homicide,South Dakota,35
2015,Homicide,Tennessee,460
2015,Homicide,Texas,1538
2015,Homicide,United States,17793
2015,Homicide,Utah,60
2015,Homicide,Vermont,16
2015,Homicide,Virginia,374
2015,Homicide,Washington,239
2015,Homicide,West Virginia,80
2015,Homicide,Wisconsin,243
2015,Homicide,Wyoming,17
,,,
1999,Suicide,Alabama,555
1999,Suicide,Alaska,96
1999,Suicide,Arizona,766
1999,Suicide,Arkansas,336
1999,Suicide,California,3077
1999,Suicide,Colorado,574
1999,Suicide,Connecticut,274
1999,Suicide,Delaware,86
1999,Suicide,District of Columbia,30
1999,Suicide,Florida,2029
1999,Suicide,Georgia,873
1999,Suicide,Hawaii,136
1999,Suicide,Idaho,181
1999,Suicide,Illinois,1020
1999,Suicide,Indiana,628
1999,Suicide,Iowa,305
1999,Suicide,Kansas,299
1999,Suicide,Kentucky,470
1999,Suicide,Louisiana,518
1999,Suicide,Maine,175
1999,Suicide,Maryland,435
1999,Suicide,Massachusetts,431
1999,Suicide,Michigan,974
1999,Suicide,Minnesota,437
1999,Suicide,Mississippi,304
1999,Suicide,Missouri,700
1999,Suicide,Montana,162
1999,Suicide,Nebraska,177
1999,Suicide,Nevada,404
1999,Suicide,New Hampshire,137
1999,Suicide,New Jersey,563
1999,Suicide,New Mexico,318
1999,Suicide,New York,1196
1999,Suicide,North Carolina,884
1999,Suicide,North Dakota,73
1999,Suicide,Ohio,1102
1999,Suicide,Oklahoma,492
1999,Suicide,Oregon,478
1999,Suicide,Pennsylvania,1284
1999,Suicide,Rhode Island,96
1999,Suicide,South Carolina,418
1999,Suicide,South Dakota,103
1999,Suicide,Tennessee,726
1999,Suicide,Texas,2005
1999,Suicide,United States,29199
1999,Suicide,Utah,282
1999,Suicide,Vermont,63
1999,Suicide,Virginia,791
1999,Suicide,Washington,816
1999,Suicide,West Virginia,229
1999,Suicide,Wisconsin,593
1999,Suicide,Wyoming,98
2000,Suicide,Alabama,583
2000,Suicide,Alaska,137
2000,Suicide,Arizona,784
2000,Suicide,Arkansas,349
2000,Suicide,California,2969
2000,Suicide,Colorado,613
2000,Suicide,Connecticut,304
2000,Suicide,Delaware,82
2000,Suicide,District of Columbia,23
2000,Suicide,Florida,2086
2000,Suicide,Georgia,847
2000,Suicide,Hawaii,137
2000,Suicide,Idaho,167
2000,Suicide,Illinois,1003
2000,Suicide,Indiana,683
2000,Suicide,Iowa,289
2000,Suicide,Kansas,325
2000,Suicide,Kentucky,521
2000,Suicide,Louisiana,468
2000,Suicide,Maine,154
2000,Suicide,Maryland,474
2000,Suicide,Massachusetts,387
2000,Suicide,Michigan,974
2000,Suicide,Minnesota,440
2000,Suicide,Mississippi,294
2000,Suicide,Missouri,699
2000,Suicide,Montana,158
2000,Suicide,Nebraska,193
2000,Suicide,Nevada,400
2000,Suicide,New Hampshire,131
2000,Suicide,New Jersey,560
2000,Suicide,New Mexico,327
2000,Suicide,New York,1132
2000,Suicide,North Carolina,971
2000,Suicide,North Dakota,68
2000,Suicide,Ohio,1088
2000,Suicide,Oklahoma,497
2000,Suicide,Oregon,493
2000,Suicide,Pennsylvania,1356
2000,Suicide,Rhode Island,75
2000,Suicide,South Carolina,443
2000,Suicide,South Dakota,95
2000,Suicide,Tennessee,730
2000,Suicide,Texas,2053
2000,Suicide,United States,29350
2000,Suicide,Utah,298
2000,Suicide,Vermont,77
2000,Suicide,Virginia,768
2000,Suicide,Washington,727
2000,Suicide,West Virginia,245
2000,Suicide,Wisconsin,590
2000,Suicide,Wyoming,83
2001,Suicide,Alabama,512
2001,Suicide,Alaska,102
2001,Suicide,Arizona,767
2001,Suicide,Arkansas,382
2001,Suicide,California,2831
2001,Suicide,Colorado,722
2001,Suicide,Connecticut,283
2001,Suicide,Delaware,108
2001,Suicide,District of Columbia,40
2001,Suicide,Florida,2314
2001,Suicide,Georgia,935
2001,Suicide,Hawaii,136
2001,Suicide,Idaho,210
2001,Suicide,Illinois,1139
2001,Suicide,Indiana,715
2001,Suicide,Iowa,304
2001,Suicide,Kansas,293
2001,Suicide,Kentucky,495
2001,Suicide,Louisiana,493
2001,Suicide,Maine,161
2001,Suicide,Maryland,454
2001,Suicide,Massachusetts,426
2001,Suicide,Michigan,1051
2001,Suicide,Minnesota,480
2001,Suicide,Mississippi,328
2001,Suicide,Missouri,725
2001,Suicide,Montana,175
2001,Suicide,Nebraska,187
2001,Suicide,Nevada,387
2001,Suicide,New Hampshire,167
2001,Suicide,New Jersey,588
2001,Suicide,New Mexico,362
2001,Suicide,New York,1253
2001,Suicide,North Carolina,997
2001,Suicide,North Dakota,79
2001,Suicide,Ohio,1219
2001,Suicide,Oklahoma,515
2001,Suicide,Oregon,505
2001,Suicide,Pennsylvania,1276
2001,Suicide,Rhode Island,88
2001,Suicide,South Carolina,467
2001,Suicide,South Dakota,105
2001,Suicide,Tennessee,711
2001,Suicide,Texas,2225
2001,Suicide,United States,30622
2001,Suicide,Utah,321
2001,Suicide,Vermont,72
2001,Suicide,Virginia,797
2001,Suicide,Washington,712
2001,Suicide,West Virginia,286
2001,Suicide,Wisconsin,639
2001,Suicide,Wyoming,83
2002,Suicide,Alabama,514
2002,Suicide,Alaska,132
2002,Suicide,Arizona,886
2002,Suicide,Arkansas,377
2002,Suicide,California,3228
2002,Suicide,Colorado,727
2002,Suicide,Connecticut,260
2002,Suicide,Delaware,74
2002,Suicide,District of Columbia,31
2002,Suicide,Florida,2338
2002,Suicide,Georgia,909
2002,Suicide,Hawaii,120
2002,Suicide,Idaho,202
2002,Suicide,Illinois,1145
2002,Suicide,Indiana,743
2002,Suicide,Iowa,314
2002,Suicide,Kansas,345
2002,Suicide,Kentucky,540
2002,Suicide,Louisiana,499
2002,Suicide,Maine,166
2002,Suicide,Maryland,477
2002,Suicide,Massachusetts,436
2002,Suicide,Michigan,1106
2002,Suicide,Minnesota,497
2002,Suicide,Mississippi,343
2002,Suicide,Missouri,693
2002,Suicide,Montana,184
2002,Suicide,Nebraska,201
2002,Suicide,Nevada,423
2002,Suicide,New Hampshire,132
2002,Suicide,New Jersey,553
2002,Suicide,New Mexico,349
2002,Suicide,New York,1228
2002,Suicide,North Carolina,986
2002,Suicide,North Dakota,91
2002,Suicide,Ohio,1287
2002,Suicide,Oklahoma,501
2002,Suicide,Oregon,518
2002,Suicide,Pennsylvania,1341
2002,Suicide,Rhode Island,86
2002,Suicide,South Carolina,440
2002,Suicide,South Dakota,94
2002,Suicide,Tennessee,778
2002,Suicide,Texas,2311
2002,Suicide,United States,31655
2002,Suicide,Utah,340
2002,Suicide,Vermont,92
2002,Suicide,Virginia,799
2002,Suicide,Washington,811
2002,Suicide,West Virginia,276
2002,Suicide,Wisconsin,627
2002,Suicide,Wyoming,105
2003,Suicide,Alabama,521
2003,Suicide,Alaska,124
2003,Suicide,Arizona,840
2003,Suicide,Arkansas,374
2003,Suicide,California,3397
2003,Suicide,Colorado,728
2003,Suicide,Connecticut,272
2003,Suicide,Delaware,94
2003,Suicide,District of Columbia,36
2003,Suicide,Florida,2297
2003,Suicide,Georgia,972
2003,Suicide,Hawaii,131
2003,Suicide,Idaho,217
2003,Suicide,Illinois,1011
2003,Suicide,Indiana,736
2003,Suicide,Iowa,352
2003,Suicide,Kansas,347
2003,Suicide,Kentucky,567
2003,Suicide,Louisiana,461
2003,Suicide,Maine,137
2003,Suicide,Maryland,491
2003,Suicide,Massachusetts,433
2003,Suicide,Michigan,1029
2003,Suicide,Minnesota,497
2003,Suicide,Mississippi,336
2003,Suicide,Missouri,679
2003,Suicide,Montana,180
2003,Suicide,Nebraska,176
2003,Suicide,Nevada,434
2003,Suicide,New Hampshire,158
2003,Suicide,New Jersey,588
2003,Suicide,New Mexico,343
2003,Suicide,New York,1169
2003,Suicide,North Carolina,955
2003,Suicide,North Dakota,81
2003,Suicide,Ohio,1074
2003,Suicide,Oklahoma,476
2003,Suicide,Oregon,592
2003,Suicide,Pennsylvania,1340
2003,Suicide,Rhode Island,84
2003,Suicide,South Carolina,476
2003,Suicide,South Dakota,102
2003,Suicide,Tennessee,762
2003,Suicide,Texas,2363
2003,Suicide,United States,31484
2003,Suicide,Utah,336
2003,Suicide,Vermont,83
2003,Suicide,Virginia,808
2003,Suicide,Washington,803
2003,Suicide,West Virginia,266
2003,Suicide,Wisconsin,647
2003,Suicide,Wyoming,109
2004,Suicide,Alabama,541
2004,Suicide,Alaska,155
2004,Suicide,Arizona,880
2004,Suicide,Arkansas,361
2004,Suicide,California,3368
2004,Suicide,Colorado,797
2004,Suicide,Connecticut,294
2004,Suicide,Delaware,93
2004,Suicide,District of Columbia,33
2004,Suicide,Florida,2389
2004,Suicide,Georgia,973
2004,Suicide,Hawaii,116
2004,Suicide,Idaho,236
2004,Suicide,Illinois,1028
2004,Suicide,Indiana,704
2004,Suicide,Iowa,343
2004,Suicide,Kansas,370
2004,Suicide,Kentucky,560
2004,Suicide,Louisiana,537
2004,Suicide,Maine,171
2004,Suicide,Maryland,500
2004,Suicide,Massachusetts,425
2004,Suicide,Michigan,1098
2004,Suicide,Minnesota,524
2004,Suicide,Mississippi,350
2004,Suicide,Missouri,715
2004,Suicide,Montana,175
2004,Suicide,Nebraska,166
2004,Suicide,Nevada,440
2004,Suicide,New Hampshire,133
2004,Suicide,New Jersey,597
2004,Suicide,New Mexico,356
2004,Suicide,New York,1187
2004,Suicide,North Carolina,1027
2004,Suicide,North Dakota,73
2004,Suicide,Ohio,1319
2004,Suicide,Oklahoma,506
2004,Suicide,Oregon,555
2004,Suicide,Pennsylvania,1410
2004,Suicide,Rhode Island,85
2004,Suicide,South Carolina,482
2004,Suicide,South Dakota,112
2004,Suicide,Tennessee,792
2004,Suicide,Texas,2300
2004,Suicide,United States,32439
2004,Suicide,Utah,377
2004,Suicide,Vermont,93
2004,Suicide,Virginia,828
2004,Suicide,Washington,830
2004,Suicide,West Virginia,285
2004,Suicide,Wisconsin,662
2004,Suicide,Wyoming,88
2005,Suicide,Alabama,535
2005,Suicide,Alaska,131
2005,Suicide,Arizona,945
2005,Suicide,Arkansas,400
2005,Suicide,California,3206
2005,Suicide,Colorado,800
2005,Suicide,Connecticut,295
2005,Suicide,Delaware,83
2005,Suicide,District of Columbia,33
2005,Suicide,Florida,2347
2005,Suicide,Georgia,924
2005,Suicide,Hawaii,107
2005,Suicide,Idaho,228
2005,Suicide,Illinois,1086
2005,Suicide,Indiana,745
2005,Suicide,Iowa,333
2005,Suicide,Kansas,362
2005,Suicide,Kentucky,566
2005,Suicide,Louisiana,505
2005,Suicide,Maine,175
2005,Suicide,Maryland,472
2005,Suicide,Massachusetts,480
2005,Suicide,Michigan,1108
2005,Suicide,Minnesota,547
2005,Suicide,Mississippi,363
2005,Suicide,Missouri,727
2005,Suicide,Montana,206
2005,Suicide,Nebraska,187
2005,Suicide,Nevada,480
2005,Suicide,New Hampshire,162
2005,Suicide,New Jersey,536
2005,Suicide,New Mexico,342
2005,Suicide,New York,1189
2005,Suicide,North Carolina,1009
2005,Suicide,North Dakota,92
2005,Suicide,Ohio,1341
2005,Suicide,Oklahoma,522
2005,Suicide,Oregon,560
2005,Suicide,Pennsylvania,1430
2005,Suicide,Rhode Island,71
2005,Suicide,South Carolina,510
2005,Suicide,South Dakota,121
2005,Suicide,Tennessee,856
2005,Suicide,Texas,2418
2005,Suicide,United States,32637
2005,Suicide,Utah,348
2005,Suicide,Vermont,78
2005,Suicide,Virginia,866
2005,Suicide,Washington,822
2005,Suicide,West Virginia,255
2005,Suicide,Wisconsin,643
2005,Suicide,Wyoming,90
2006,Suicide,Alabama,580
2006,Suicide,Alaska,135
2006,Suicide,Arizona,979
2006,Suicide,Arkansas,376
2006,Suicide,California,3334
2006,Suicide,Colorado,730
2006,Suicide,Connecticut,292
2006,Suicide,Delaware,91
2006,Suicide,District of Columbia,30
2006,Suicide,Florida,2440
2006,Suicide,Georgia,923
2006,Suicide,Hawaii,120
2006,Suicide,Idaho,222
2006,Suicide,Illinois,1010
2006,Suicide,Indiana,824
2006,Suicide,Iowa,334
2006,Suicide,Kansas,379
2006,Suicide,Kentucky,622
2006,Suicide,Louisiana,492
2006,Suicide,Maine,158
2006,Suicide,Maryland,495
2006,Suicide,Massachusetts,450
2006,Suicide,Michigan,1139
2006,Suicide,Minnesota,554
2006,Suicide,Mississippi,325
2006,Suicide,Missouri,799
2006,Suicide,Montana,189
2006,Suicide,Nebraska,202
2006,Suicide,Nevada,486
2006,Suicide,New Hampshire,151
2006,Suicide,New Jersey,585
2006,Suicide,New Mexico,352
2006,Suicide,New York,1326
2006,Suicide,North Carolina,1106
2006,Suicide,North Dakota,90
2006,Suicide,Ohio,1325
2006,Suicide,Oklahoma,537
2006,Suicide,Oregon,579
2006,Suicide,Pennsylvania,1396
2006,Suicide,Rhode Island,90
2006,Suicide,South Carolina,524
2006,Suicide,South Dakota,125
2006,Suicide,Tennessee,874
2006,Suicide,Texas,2347
2006,Suicide,United States,33300
2006,Suicide,Utah,362
2006,Suicide,Vermont,81
2006,Suicide,Virginia,876
2006,Suicide,Washington,809
2006,Suicide,West Virginia,269
2006,Suicide,Wisconsin,670
2006,Suicide,Wyoming,116
2007,Suicide,Alabama,592
2007,Suicide,Alaska,149
2007,Suicide,Arizona,1016
2007,Suicide,Arkansas,402
2007,Suicide,California,3602
2007,Suicide,Colorado,811
2007,Suicide,Connecticut,271
2007,Suicide,Delaware,95
2007,Suicide,District of Columbia,36
2007,Suicide,Florida,2587
2007,Suicide,Georgia,997
2007,Suicide,Hawaii,133
2007,Suicide,Idaho,223
2007,Suicide,Illinois,1108
2007,Suicide,Indiana,790
2007,Suicide,Iowa,322
2007,Suicide,Kansas,382
2007,Suicide,Kentucky,649
2007,Suicide,Louisiana,522
2007,Suicide,Maine,191
2007,Suicide,Maryland,518
2007,Suicide,Massachusetts,516
2007,Suicide,Michigan,1131
2007,Suicide,Minnesota,572
2007,Suicide,Mississippi,396
2007,Suicide,Missouri,808
2007,Suicide,Montana,196
2007,Suicide,Nebraska,181
2007,Suicide,Nevada,471
2007,Suicide,New Hampshire,158
2007,Suicide,New Jersey,596
2007,Suicide,New Mexico,401
2007,Suicide,New York,1396
2007,Suicide,North Carolina,1077
2007,Suicide,North Dakota,95
2007,Suicide,Ohio,1295
2007,Suicide,Oklahoma,531
2007,Suicide,Oregon,594
2007,Suicide,Pennsylvania,1441
2007,Suicide,Rhode Island,96
2007,Suicide,South Carolina,530
2007,Suicide,South Dakota,102
2007,Suicide,Tennessee,844
2007,Suicide,Texas,2433
2007,Suicide,United States,34598
2007,Suicide,Utah,378
2007,Suicide,Vermont,89
2007,Suicide,Virginia,880
2007,Suicide,Washington,865
2007,Suicide,West Virginia,300
2007,Suicide,Wisconsin,729
2007,Suicide,Wyoming,101
2008,Suicide,Alabama,604
2008,Suicide,Alaska,169
2008,Suicide,Arizona,972
2008,Suicide,Arkansas,447
2008,Suicide,California,3775
2008,Suicide,Colorado,803
2008,Suicide,Connecticut,315
2008,Suicide,Delaware,109
2008,Suicide,District of Columbia,43
2008,Suicide,Florida,2740
2008,Suicide,Georgia,981
2008,Suicide,Hawaii,133
2008,Suicide,Idaho,252
2008,Suicide,Illinois,1198
2008,Suicide,Indiana,809
2008,Suicide,Iowa,380
2008,Suicide,Kansas,337
2008,Suicide,Kentucky,612
2008,Suicide,Louisiana,532
2008,Suicide,Maine,181
2008,Suicide,Maryland,507
2008,Suicide,Massachusetts,509
2008,Suicide,Michigan,1180
2008,Suicide,Minnesota,596
2008,Suicide,Mississippi,409
2008,Suicide,Missouri,779
2008,Suicide,Montana,203
2008,Suicide,Nebraska,191
2008,Suicide,Nevada,528
2008,Suicide,New Hampshire,179
2008,Suicide,New Jersey,615
2008,Suicide,New Mexico,419
2008,Suicide,New York,1409
2008,Suicide,North Carolina,1162
2008,Suicide,North Dakota,86
2008,Suicide,Ohio,1412
2008,Suicide,Oklahoma,575
2008,Suicide,Oregon,572
2008,Suicide,Pennsylvania,1539
2008,Suicide,Rhode Island,110
2008,Suicide,South Carolina,565
2008,Suicide,South Dakota,124
2008,Suicide,Tennessee,973
2008,Suicide,Texas,2552
2008,Suicide,United States,36035
2008,Suicide,Utah,390
2008,Suicide,Vermont,94
2008,Suicide,Virginia,948
2008,Suicide,Washington,889
2008,Suicide,West Virginia,261
2008,Suicide,Wisconsin,743
2008,Suicide,Wyoming,124
2009,Suicide,Alabama,673
2009,Suicide,Alaska,143
2009,Suicide,Arizona,1060
2009,Suicide,Arkansas,422
2009,Suicide,California,3823
2009,Suicide,Colorado,941
2009,Suicide,Connecticut,316
2009,Suicide,Delaware,107
2009,Suicide,District of Columbia,29
2009,Suicide,Florida,2858
2009,Suicide,Georgia,1134
2009,Suicide,Hawaii,175
2009,Suicide,Idaho,304
2009,Suicide,Illinois,1177
2009,Suicide,Indiana,828
2009,Suicide,Iowa,361
2009,Suicide,Kansas,382
2009,Suicide,Kentucky,592
2009,Suicide,Louisiana,490
2009,Suicide,Maine,197
2009,Suicide,Maryland,551
2009,Suicide,Massachusetts,530
2009,Suicide,Michigan,1169
2009,Suicide,Minnesota,584
2009,Suicide,Mississippi,381
2009,Suicide,Missouri,860
2009,Suicide,Montana,219
2009,Suicide,Nebraska,170
2009,Suicide,Nevada,505
2009,Suicide,New Hampshire,166
2009,Suicide,New Jersey,557
2009,Suicide,New Mexico,376
2009,Suicide,New York,1417
2009,Suicide,North Carolina,1174
2009,Suicide,North Dakota,90
2009,Suicide,Ohio,1176
2009,Suicide,Oklahoma,567
2009,Suicide,Oregon,644
2009,Suicide,Pennsylvania,1631
2009,Suicide,Rhode Island,118
2009,Suicide,South Carolina,619
2009,Suicide,South Dakota,129
2009,Suicide,Tennessee,947
2009,Suicide,Texas,2809
2009,Suicide,United States,36909
2009,Suicide,Utah,449
2009,Suicide,Vermont,87
2009,Suicide,Virginia,963
2009,Suicide,Washington,921
2009,Suicide,West Virginia,253
2009,Suicide,Wisconsin,724
2009,Suicide,Wyoming,111
2010,Suicide,Alabama,679
2010,Suicide,Alaska,164
2010,Suicide,Arizona,1093
2010,Suicide,Arkansas,447
2010,Suicide,California,3913
2010,Suicide,Colorado,865
2010,Suicide,Connecticut,353
2010,Suicide,Delaware,106
2010,Suicide,District of Columbia,41
2010,Suicide,Florida,2789
2010,Suicide,Georgia,1133
2010,Suicide,Hawaii,207
2010,Suicide,Idaho,290
2010,Suicide,Illinois,1178
2010,Suicide,Indiana,864
2010,Suicide,Iowa,372
2010,Suicide,Kansas,401
2010,Suicide,Kentucky,631
2010,Suicide,Louisiana,557
2010,Suicide,Maine,186
2010,Suicide,Maryland,502
2010,Suicide,Massachusetts,598
2010,Suicide,Michigan,1263
2010,Suicide,Minnesota,606
2010,Suicide,Mississippi,388
2010,Suicide,Missouri,856
2010,Suicide,Montana,227
2010,Suicide,Nebraska,193
2010,Suicide,Nevada,547
2010,Suicide,New Hampshire,196
2010,Suicide,New Jersey,719
2010,Suicide,New Mexico,413
2010,Suicide,New York,1547
2010,Suicide,North Carolina,1174
2010,Suicide,North Dakota,106
2010,Suicide,Ohio,1439
2010,Suicide,Oklahoma,618
2010,Suicide,Oregon,685
2010,Suicide,Pennsylvania,1576
2010,Suicide,Rhode Island,129
2010,Suicide,South Carolina,637
2010,Suicide,South Dakota,140
2010,Suicide,Tennessee,943
2010,Suicide,Texas,2891
2010,Suicide,United States,38364
2010,Suicide,Utah,473
2010,Suicide,Vermont,106
2010,Suicide,Virginia,963
2010,Suicide,Washington,957
2010,Suicide,West Virginia,279
2010,Suicide,Wisconsin,793
2010,Suicide,Wyoming,131
2011,Suicide,Alabama,654
2011,Suicide,Alaska,143
2011,Suicide,Arizona,1160
2011,Suicide,Arkansas,462
2011,Suicide,California,3996
2011,Suicide,Colorado,913
2011,Suicide,Connecticut,370
2011,Suicide,Delaware,105
2011,Suicide,District of Columbia,37
2011,Suicide,Florida,2880
2011,Suicide,Georgia,1157
2011,Suicide,Hawaii,181
2011,Suicide,Idaho,281
2011,Suicide,Illinois,1226
2011,Suicide,Indiana,881
2011,Suicide,Iowa,422
2011,Suicide,Kansas,394
2011,Suicide,Kentucky,675
2011,Suicide,Louisiana,573
2011,Suicide,Maine,235
2011,Suicide,Maryland,558
2011,Suicide,Massachusetts,585
2011,Suicide,Michigan,1221
2011,Suicide,Minnesota,683
2011,Suicide,Mississippi,389
2011,Suicide,Missouri,933
2011,Suicide,Montana,232
2011,Suicide,Nebraska,193
2011,Suicide,Nevada,516
2011,Suicide,New Hampshire,198
2011,Suicide,New Jersey,689
2011,Suicide,New Mexico,420
2011,Suicide,New York,1658
2011,Suicide,North Carolina,1213
2011,Suicide,North Dakota,106
2011,Suicide,Ohio,1465
2011,Suicide,Oklahoma,693
2011,Suicide,Oregon,656
2011,Suicide,Pennsylvania,1747
2011,Suicide,Rhode Island,101
2011,Suicide,South Carolina,658
2011,Suicide,South Dakota,128
2011,Suicide,Tennessee,955
2011,Suicide,Texas,2896
2011,Suicide,United States,39518
2011,Suicide,Utah,502
2011,Suicide,Vermont,120
2011,Suicide,Virginia,1054
2011,Suicide,Washington,1021
2011,Suicide,West Virginia,306
2011,Suicide,Wisconsin,745
2011,Suicide,Wyoming,132
2012,Suicide,Alabama,724
2012,Suicide,Alaska,168
2012,Suicide,Arizona,1156
2012,Suicide,Arkansas,485
2012,Suicide,California,3893
2012,Suicide,Colorado,1052
2012,Suicide,Connecticut,368
2012,Suicide,Delaware,125
2012,Suicide,District of Columbia,37
2012,Suicide,Florida,3002
2012,Suicide,Georgia,1168
2012,Suicide,Hawaii,190
2012,Suicide,Idaho,297
2012,Suicide,Illinois,1292
2012,Suicide,Indiana,940
2012,Suicide,Iowa,383
2012,Suicide,Kansas,502
2012,Suicide,Kentucky,724
2012,Suicide,Louisiana,567
2012,Suicide,Maine,209
2012,Suicide,Maryland,583
2012,Suicide,Massachusetts,604
2012,Suicide,Michigan,1261
2012,Suicide,Minnesota,656
2012,Suicide,Mississippi,410
2012,Suicide,Missouri,914
2012,Suicide,Montana,233
2012,Suicide,Nebraska,232
2012,Suicide,Nevada,524
2012,Suicide,New Hampshire,202
2012,Suicide,New Jersey,683
2012,Suicide,New Mexico,442
2012,Suicide,New York,1708
2012,Suicide,North Carolina,1286
2012,Suicide,North Dakota,105
2012,Suicide,Ohio,1542
2012,Suicide,Oklahoma,670
2012,Suicide,Oregon,724
2012,Suicide,Pennsylvania,1647
2012,Suicide,Rhode Island,105
2012,Suicide,South Carolina,673
2012,Suicide,South Dakota,141
2012,Suicide,Tennessee,978
2012,Suicide,Texas,3037
2012,Suicide,United States,40600
2012,Suicide,Utah,550
2012,Suicide,Vermont,87
2012,Suicide,Virginia,1063
2012,Suicide,Washington,1038
2012,Suicide,West Virginia,326
2012,Suicide,Wisconsin,723
2012,Suicide,Wyoming,171
2013,Suicide,Alabama,721
2013,Suicide,Alaska,171
2013,Suicide,Arizona,1163
2013,Suicide,Arkansas,516
2013,Suicide,California,4025
2013,Suicide,Colorado,1007
2013,Suicide,Connecticut,330
2013,Suicide,Delaware,122
2013,Suicide,District of Columbia,38
2013,Suicide,Florida,2928
2013,Suicide,Georgia,1212
2013,Suicide,Hawaii,171
2013,Suicide,Idaho,308
2013,Suicide,Illinois,1321
2013,Suicide,Indiana,944
2013,Suicide,Iowa,447
2013,Suicide,Kansas,425
2013,Suicide,Kentucky,701
2013,Suicide,Louisiana,583
2013,Suicide,Maine,245
2013,Suicide,Maryland,569
2013,Suicide,Massachusetts,572
2013,Suicide,Michigan,1295
2013,Suicide,Minnesota,678
2013,Suicide,Mississippi,388
2013,Suicide,Missouri,960
2013,Suicide,Montana,243
2013,Suicide,Nebraska,220
2013,Suicide,Nevada,541
2013,Suicide,New Hampshire,185
2013,Suicide,New Jersey,757
2013,Suicide,New Mexico,431
2013,Suicide,New York,1687
2013,Suicide,North Carolina,1284
2013,Suicide,North Dakota,128
2013,Suicide,Ohio,1526
2013,Suicide,Oklahoma,665
2013,Suicide,Oregon,698
2013,Suicide,Pennsylvania,1788
2013,Suicide,Rhode Island,132
2013,Suicide,South Carolina,696
2013,Suicide,South Dakota,147
2013,Suicide,Tennessee,1030
2013,Suicide,Texas,3059
2013,Suicide,United States,41149
2013,Suicide,Utah,579
2013,Suicide,Vermont,112
2013,Suicide,Virginia,1072
2013,Suicide,Washington,1027
2013,Suicide,West Virginia,323
2013,Suicide,Wisconsin,850
2013,Suicide,Wyoming,129
2014,Suicide,Alabama,715
2014,Suicide,Alaska,167
2014,Suicide,Arizona,1244
2014,Suicide,Arkansas,515
2014,Suicide,California,4214
2014,Suicide,Colorado,1083
2014,Suicide,Connecticut,379
2014,Suicide,Delaware,126
2014,Suicide,District of Columbia,52
2014,Suicide,Florida,3035
2014,Suicide,Georgia,1295
2014,Suicide,Hawaii,204
2014,Suicide,Idaho,320
2014,Suicide,Illinois,1398
2014,Suicide,Indiana,948
2014,Suicide,Iowa,407
2014,Suicide,Kansas,455
2014,Suicide,Kentucky,728
2014,Suicide,Louisiana,679
2014,Suicide,Maine,220
2014,Suicide,Maryland,606
2014,Suicide,Massachusetts,596
2014,Suicide,Michigan,1354
2014,Suicide,Minnesota,686
2014,Suicide,Mississippi,380
2014,Suicide,Missouri,1017
2014,Suicide,Montana,251
2014,Suicide,Nebraska,251
2014,Suicide,Nevada,573
2014,Suicide,New Hampshire,247
2014,Suicide,New Jersey,786
2014,Suicide,New Mexico,449
2014,Suicide,New York,1700
2014,Suicide,North Carolina,1352
2014,Suicide,North Dakota,137
2014,Suicide,Ohio,1491
2014,Suicide,Oklahoma,736
2014,Suicide,Oregon,782
2014,Suicide,Pennsylvania,1817
2014,Suicide,Rhode Island,113
2014,Suicide,South Carolina,753
2014,Suicide,South Dakota,141
2014,Suicide,Tennessee,997
2014,Suicide,Texas,3254
2014,Suicide,United States,42826
2014,Suicide,Utah,559
2014,Suicide,Vermont,124
2014,Suicide,Virginia,1123
2014,Suicide,Washington,1119
2014,Suicide,West Virginia,359
2014,Suicide,Wisconsin,769
2014,Suicide,Wyoming,120
2015,Suicide,Alabama,750
2015,Suicide,Alaska,201
2015,Suicide,Arizona,1276
2015,Suicide,Arkansas,577
2015,Suicide,California,4167
2015,Suicide,Colorado,1093
2015,Suicide,Connecticut,384
2015,Suicide,Delaware,122
2015,Suicide,District of Columbia,34
2015,Suicide,Florida,3205
2015,Suicide,Georgia,1317
2015,Suicide,Hawaii,201
2015,Suicide,Idaho,359
2015,Suicide,Illinois,1363
2015,Suicide,Indiana,960
2015,Suicide,Iowa,433
2015,Suicide,Kansas,477
2015,Suicide,Kentucky,776
2015,Suicide,Louisiana,722
2015,Suicide,Maine,235
2015,Suicide,Maryland,553
2015,Suicide,Massachusetts,642
2015,Suicide,Michigan,1410
2015,Suicide,Minnesota,730
2015,Suicide,Mississippi,431
2015,Suicide,Missouri,1052
2015,Suicide,Montana,272
2015,Suicide,Nebraska,223
2015,Suicide,Nevada,558
2015,Suicide,New Hampshire,228
2015,Suicide,New Jersey,789
2015,Suicide,New Mexico,500
2015,Suicide,New York,1652
2015,Suicide,North Carolina,1406
2015,Suicide,North Dakota,124
2015,Suicide,Ohio,1650
2015,Suicide,Oklahoma,790
2015,Suicide,Oregon,762
2015,Suicide,Pennsylvania,1894
2015,Suicide,Rhode Island,127
2015,Suicide,South Carolina,742
2015,Suicide,South Dakota,173
2015,Suicide,Tennessee,1068
2015,Suicide,Texas,3403
2015,Suicide,United States,44193
2015,Suicide,Utah,630
2015,Suicide,Vermont,103
2015,Suicide,Virginia,1118
2015,Suicide,Washington,1137
2015,Suicide,West Virginia,340
2015,Suicide,Wisconsin,877
2015,Suicide,Wyoming,157
